Measure,Value
Count,150.0
sum,7877.0
Mean,52.51333333333332
Min,32.0
Max,76.0
Range,44.0
Variance,84.9897539149887
Std. Dev,9.218988768568313
