Measure,Value
Count,96.0
sum,4065.0
Mean,42.343749999999986
Min,27.0
Max,61.0
Range,34.0
Variance,74.75427631578947
Std. Dev,8.646055535085896
