Measure,Value
Count,150.0
sum,7967.0
Mean,53.113333333333344
Min,37.0
Max,80.0
Range,43.0
Variance,74.6514988814318
Std. Dev,8.640109888272939
