Measure,Value
Count,96.0
sum,194.0
Mean,2.0208333333333326
Min,1.0
Max,3.0
Range,2.0
Variance,0.5890350877192985
Std. Dev,0.7674862133740895
