Measure,Value
Count,150.0
sum,231.0
Mean,1.5399999999999991
Min,1.0
Max,2.0
Range,1.0
Variance,0.25006711409395993
Std. Dev,0.5000671095902628
