Measure,Value
Count,150.0
sum,219.0
Mean,1.4600000000000009
Min,1.0
Max,2.0
Range,1.0
Variance,0.25006711409395993
Std. Dev,0.5000671095902628
